2.5%,25%,50%,75%,97.5%,Overall,ratio_low,ratio_est,ratio_high
-0.31341215000000006,-0.0687284,0.05687025,0.18191374999999999,0.420699,1,0.8047362072484087,1.0402067104438029,1.3385759509685689
