parameter,2.5%,25%,50%,75%,97.5%,location,Room sampler location
Ct_diff_loc[1],-1.27752025,-0.82285325,-0.590255,-0.36057075,0.07428324499999951,1,Location 1
Ct_diff_loc[2],-0.47564902499999995,-0.056287575,0.160054,0.37575925,0.7880904499999993,2,Location 2
Ct_diff_loc[3],-0.11306664999999999,0.28368375,0.490898,0.6966315,1.09801,3,Location 3
intercept,-1.27752025,-0.82285325,-0.590255,-0.36057075,0.07428324499999951,0,NA
